year,month,day,time,temp,press,humid,solar,rain1h
2018,06,01,00:00,25,974,94,0,0
2018,06,01,01:00,25,973,94,0,0
2018,06,01,02:00,24.5,973,96,0,0
2018,06,01,03:00,24.5,973,97,0,0
2018,06,01,04:00,24.5,971,97,0,0
2018,06,01,05:00,24,971,97,0,0
2018,06,01,06:00,25,973,98,0,0
2018,06,01,07:00,25.5,973,94,0,0
2018,06,01,08:00,28.4,974,82,2,0
2018,06,01,09:00,33.3,975,64,38,0
2018,06,01,10:00,38.7,975,47,58,0
2018,06,01,11:00,40.7,975,40,79,0
2018,06,01,12:00,40.2,973,42,195,0
2018,06,01,13:00,42.6,973,36,65,0
2018,06,01,14:00,43.6,971,33,55,0
2018,06,01,15:00,41.2,969,40,44,0
2018,06,01,16:00,42.1,969,35,20,0
2018,06,01,17:00,41.2,969,37,32,0
2018,06,01,18:00,36.3,969,48,0,0
2018,06,01,19:00,27,969,83,0,1.2
2018,06,01,20:00,26,970,95,0,0.4
2018,06,01,21:00,25.5,971,93,0,1.6
2018,06,01,22:00,26,971,95,0,0.2
2018,06,01,23:00,26,973,96,0,0.6
2018,06,02,00:00,24,973,97,0,12.6
2018,06,02,01:00,24.5,971,98,0,0
2018,06,02,02:00,24.5,971,98,0,0.6
2018,06,02,03:00,24.5,971,98,0,0.2
2018,06,02,04:00,24.5,971,99,0,0
2018,06,02,05:00,24.5,971,99,0,0.2
2018,06,02,06:00,24.5,971,99,0,0
2018,06,02,07:00,25.5,971,97,3,0
2018,06,02,08:00,28.4,971,90,41,0
2018,06,02,09:00,34.8,973,64,50,0
2018,06,02,10:00,37.2,974,51,15,0
2018,06,02,11:00,40.2,973,45,70,0
2018,06,02,12:00,44.1,973,35,246,0
2018,06,02,13:00,44.1,971,34,53,0
2018,06,02,14:00,39.7,969,40,31,0
2018,06,02,15:00,41.7,969,37,47,0
2018,06,02,16:00,44.1,969,33,36,0
2018,06,02,17:00,42.1,968,34,19,0
2018,06,02,18:00,37.2,968,47,3,0
2018,06,02,19:00,32.3,968,64,0,0
2018,06,02,20:00,29.9,969,71,0,0
2018,06,02,21:00,28.4,970,82,0,0
2018,06,02,22:00,27.9,971,87,0,0.6
2018,06,02,23:00,27,971,93,0,0.2
2018,06,03,00:00,27,971,95,0,0
2018,06,03,01:00,27,970,96,0,0
2018,06,03,02:00,26.5,969,96,0,0
2018,06,03,03:00,26,969,96,0,0
2018,06,03,04:00,25.5,968,98,0,0
2018,06,03,05:00,25.5,969,98,0,0
2018,06,03,06:00,25.5,969,98,0,0
2018,06,03,07:00,26.5,970,94,0,0
2018,06,03,08:00,28.9,970,80,32,0
2018,06,03,09:00,37.7,970,50,48,0
2018,06,03,10:00,40.7,970,41,62,0
2018,06,03,11:00,41.2,970,38,75,0
2018,06,03,12:00,44.1,970,33,36,0
2018,06,03,13:00,-999,969,30,65,0
2018,06,03,14:00,-999,968,29,52,0
2018,06,03,15:00,42.6,967,34,47,0
2018,06,03,16:00,44.1,966,30,37,0
2018,06,03,17:00,41.7,965,33,19,0
2018,06,03,18:00,36.8,966,46,2,0
2018,06,03,19:00,32.3,966,59,0,0
2018,06,03,20:00,29.4,967,70,0,0
2018,06,03,21:00,28.4,968,78,0,0
2018,06,03,22:00,27.9,968,81,0,0
2018,06,03,23:00,27.4,969,86,0,0
2018,06,04,00:00,27.4,969,82,0,0
2018,06,04,01:00,27,969,83,0,0
2018,06,04,02:00,26.5,968,79,0,0
2018,06,04,03:00,26,968,85,0,0
2018,06,04,04:00,25.5,968,87,0,0
2018,06,04,05:00,25,968,91,0,0
2018,06,04,06:00,25,968,93,0,0
2018,06,04,07:00,26.5,969,87,0,0
2018,06,04,08:00,30.4,969,70,16,0
2018,06,04,09:00,36.3,970,51,47,0
2018,06,04,10:00,39.2,971,42,55,0
2018,06,04,11:00,41.2,970,38,71,0
2018,06,04,12:00,41.2,969,39,132,0
2018,06,04,13:00,41.2,968,40,68,0
2018,06,04,14:00,43.1,967,33,48,0
2018,06,04,15:00,42.6,967,34,48,0
2018,06,04,16:00,42.6,966,29,34,0
2018,06,04,17:00,41.2,966,33,10,0
2018,06,04,18:00,36.8,966,44,2,0
2018,06,04,19:00,32.3,966,62,0,0
2018,06,04,20:00,29.4,967,73,0,0
2018,06,04,21:00,28.9,968,79,0,0
2018,06,04,22:00,28.4,968,82,0,0
2018,06,04,23:00,28.4,969,82,0,0
2018,06,05,00:00,27.4,969,86,0,0
2018,06,05,01:00,27.4,969,86,0,0
2018,06,05,02:00,27,968,88,0,0
2018,06,05,03:00,26.5,968,91,0,0
2018,06,05,04:00,26,968,92,0,0
2018,06,05,05:00,26,968,89,0,0
2018,06,05,06:00,26,969,92,0,0
2018,06,05,07:00,28.4,970,82,3,0
2018,06,05,08:00,32.8,970,62,43,0
2018,06,05,09:00,38.7,971,44,50,0
2018,06,05,10:00,41.7,970,40,52,0
2018,06,05,11:00,42.6,970,36,70,0
2018,06,05,12:00,44.6,970,31,187,0
2018,06,05,13:00,43.6,969,35,64,0
2018,06,05,14:00,-999,969,30,49,0
2018,06,05,15:00,44.1,968,31,44,0
2018,06,05,16:00,43.6,967,30,35,0
2018,06,05,17:00,41.2,967,34,3,0
2018,06,05,18:00,37.2,967,43,3,0
2018,06,05,19:00,33.3,968,56,0,0
2018,06,05,20:00,28.9,969,70,0,0
2018,06,05,21:00,27.9,970,73,0,0
2018,06,05,22:00,27.4,970,81,0,0
2018,06,05,23:00,27.4,971,84,0,0
2018,06,06,00:00,27.4,971,85,0,0
2018,06,06,01:00,27.4,971,85,0,0
2018,06,06,02:00,27.4,970,87,0,0
2018,06,06,03:00,26.5,970,91,0,0
2018,06,06,04:00,26,970,93,0,0
2018,06,06,05:00,26,970,94,0,0
2018,06,06,06:00,26,970,94,0,0
2018,06,06,07:00,27.4,970,89,2,0
2018,06,06,08:00,30.4,970,72,40,0
2018,06,06,09:00,37.2,973,50,18,0
2018,06,06,10:00,38.7,971,46,64,0
2018,06,06,11:00,39.7,971,43,75,0
2018,06,06,12:00,40.7,970,40,128,0
2018,06,06,13:00,43.6,970,34,67,0
2018,06,06,14:00,43.6,969,35,58,0
2018,06,06,15:00,42.6,968,35,29,0
2018,06,06,16:00,41.7,967,36,38,0
2018,06,06,17:00,40.2,967,38,24,0
2018,06,06,18:00,37.2,967,44,5,0
2018,06,06,19:00,32.3,967,58,0,0
2018,06,06,20:00,30.4,968,63,0,0
2018,06,06,21:00,29.4,968,66,0,0
2018,06,06,22:00,28.9,969,70,0,0
2018,06,06,23:00,28.4,969,73,0,0
2018,06,07,00:00,27.9,969,78,0,0
2018,06,07,01:00,27,969,80,0,0
2018,06,07,02:00,27,968,79,0,0
2018,06,07,03:00,27.4,968,77,0,0
2018,06,07,04:00,27,968,82,0,0
2018,06,07,05:00,26,968,88,0,0
2018,06,07,06:00,25.5,968,91,0,0
2018,06,07,07:00,26.5,968,88,0,0
2018,06,07,08:00,30.4,969,72,9,0
2018,06,07,09:00,36.8,969,51,49,0
2018,06,07,10:00,40.7,970,41,55,0
2018,06,07,11:00,40.2,969,39,60,0
2018,06,07,12:00,35.8,968,55,90,0
2018,06,07,13:00,41.7,968,36,71,0
2018,06,07,14:00,41.2,967,35,39,0
2018,06,07,15:00,39.7,966,40,11,0
2018,06,07,16:00,34.8,965,57,9,0
2018,06,07,17:00,36.3,965,47,23,0
2018,06,07,18:00,34.3,966,50,0,0
2018,06,07,19:00,30.9,966,60,0,0
2018,06,07,20:00,29.9,967,64,0,0
2018,06,07,21:00,28.9,968,68,0,0
2018,06,07,22:00,28.4,968,70,0,0
2018,06,07,23:00,28.4,969,69,0,0
2018,06,08,00:00,27.4,968,75,0,0
2018,06,08,01:00,27,968,81,0,0
2018,06,08,02:00,26.5,967,82,0,0
2018,06,08,03:00,25.5,966,88,0,0
2018,06,08,04:00,25.5,966,89,0,0
2018,06,08,05:00,25,967,92,0,0
2018,06,08,06:00,26,967,90,0,0
2018,06,08,07:00,27.9,968,84,2,0
2018,06,08,08:00,31.9,967,66,39,0
2018,06,08,09:00,38.7,968,43,48,0
2018,06,08,10:00,39.2,968,43,56,0
2018,06,08,11:00,41.7,968,36,82,0
2018,06,08,12:00,40.7,967,39,41,0
2018,06,08,13:00,39.2,966,42,44,0
2018,06,08,14:00,37.2,965,47,45,0
2018,06,08,15:00,39.2,965,42,17,0
2018,06,08,16:00,38.7,964,41,8,0
2018,06,08,17:00,32.3,964,59,0,0
2018,06,08,18:00,30.9,965,67,0,0
2018,06,08,19:00,29.4,966,67,0,0
2018,06,08,20:00,28.4,967,74,0,0
2018,06,08,21:00,27.4,967,78,0,0
2018,06,08,22:00,27.4,967,79,0,0
2018,06,08,23:00,26.5,967,80,0,0
2018,06,09,00:00,25.5,966,79,0,0
2018,06,09,01:00,26.5,966,76,0,0
2018,06,09,02:00,26.5,966,77,0,0
2018,06,09,03:00,27,966,75,0,0
2018,06,09,04:00,26,965,82,0,0
2018,06,09,05:00,25.5,965,87,0,0
2018,06,09,06:00,26,966,86,0,0
2018,06,09,07:00,27.9,967,81,2,0
2018,06,09,08:00,30.4,967,70,34,0
2018,06,09,09:00,32.8,968,60,43,0
2018,06,09,10:00,34.8,968,53,36,0
2018,06,09,11:00,35.3,967,53,41,0
2018,06,09,12:00,38.2,967,45,52,0
2018,06,09,13:00,37.7,966,46,32,0
2018,06,09,14:00,36.3,966,50,43,0
2018,06,09,15:00,30.9,965,77,44,0.8
2018,06,09,16:00,30.9,965,79,23,0
2018,06,09,17:00,29.4,965,83,6,0
2018,06,09,18:00,27.9,966,90,0,0.8
2018,06,09,19:00,26.5,966,92,0,0.6
2018,06,09,20:00,26,967,95,0,0.2
2018,06,09,21:00,26,968,95,0,1.4
2018,06,09,22:00,26,968,97,0,0
2018,06,09,23:00,25.5,968,96,0,0.2
2018,06,10,00:00,25.5,968,96,0,0
2018,06,10,01:00,25,967,97,0,0.2
2018,06,10,02:00,25,967,97,0,0
2018,06,10,03:00,25.5,967,98,0,0
2018,06,10,04:00,25,967,98,0,0.2
2018,06,10,05:00,25,967,98,0,0.4
2018,06,10,06:00,25,967,98,0,0.6
2018,06,10,07:00,25.5,968,99,1,0.2
2018,06,10,08:00,27,968,96,6,0.6
2018,06,10,09:00,29.4,969,85,43,0.4
2018,06,10,10:00,29.4,969,82,2,0
2018,06,10,11:00,29.4,969,82,29,0.8
2018,06,10,12:00,32.8,968,72,52,0
2018,06,10,13:00,35.3,968,61,44,0
2018,06,10,14:00,38.2,967,51,48,0
2018,06,10,15:00,34.8,966,58,11,0
2018,06,10,16:00,28.9,966,86,2,2
2018,06,10,17:00,28.4,966,88,7,0.4
2018,06,10,18:00,27,967,91,0,0.4
2018,06,10,19:00,26.5,967,94,0,0
2018,06,10,20:00,26,968,96,0,0.2
2018,06,10,21:00,26,968,97,0,0
2018,06,10,22:00,26,969,98,0,0.2
2018,06,10,23:00,26,968,98,0,0
2018,06,11,00:00,26,968,98,0,0
2018,06,11,01:00,26,968,98,0,0.2
2018,06,11,02:00,25.5,967,97,0,0.4
2018,06,11,03:00,25,967,97,0,0
2018,06,11,04:00,25,966,98,0,0.2
2018,06,11,05:00,25,967,99,0,0
2018,06,11,06:00,25,967,99,0,0.2
2018,06,11,07:00,26,967,97,4,0
2018,06,11,08:00,27,968,92,5,0
2018,06,11,09:00,28.4,968,85,3,0
2018,06,11,10:00,29.9,969,78,6,0
2018,06,11,11:00,34.3,969,64,48,0
2018,06,11,12:00,29.9,968,82,6,0.6
2018,06,11,13:00,30.9,967,81,45,0.6
2018,06,11,14:00,31.9,966,75,5,0
2018,06,11,15:00,29.9,966,83,13,0.2
2018,06,11,16:00,30.4,965,86,13,0.2
2018,06,11,17:00,29.4,965,86,9,0
2018,06,11,18:00,28.9,966,85,0,0
2018,06,11,19:00,27.4,966,89,0,0
2018,06,11,20:00,27,967,90,0,0
2018,06,11,21:00,26.5,968,94,0,0
2018,06,11,22:00,26,968,95,0,0.8
2018,06,11,23:00,25.5,968,97,0,0
2018,06,12,00:00,26,968,98,0,0.4
2018,06,12,01:00,26,967,98,0,0.2
2018,06,12,02:00,25.5,967,98,0,0.6
2018,06,12,03:00,25.5,967,99,0,0
2018,06,12,04:00,25.5,967,99,0,0
2018,06,12,05:00,25,967,99,0,0
2018,06,12,06:00,25.5,968,99,0,0.2
2018,06,12,07:00,25.5,968,95,1,0
2018,06,12,08:00,26.5,969,93,1,0
2018,06,12,09:00,28.9,969,86,24,0
2018,06,12,10:00,30.9,969,74,32,0.2
2018,06,12,11:00,29.9,969,82,36,0.2
2018,06,12,12:00,33.8,969,71,90,0.4
2018,06,12,13:00,36.8,968,56,69,0
2018,06,12,14:00,33.3,967,63,27,0
2018,06,12,15:00,29.9,967,78,12,0.2
2018,06,12,16:00,33.8,967,67,33,0
2018,06,12,17:00,29.4,967,78,3,0
2018,06,12,18:00,28.4,967,82,0,0
2018,06,12,19:00,27,967,82,0,0
2018,06,12,20:00,26,967,86,0,0
2018,06,12,21:00,26,968,86,0,0
2018,06,12,22:00,25.5,968,90,0,0
2018,06,12,23:00,26,969,90,0,0
2018,06,13,00:00,25.5,968,92,0,0
2018,06,13,01:00,25.5,968,94,0,0
2018,06,13,02:00,25,967,96,0,0
2018,06,13,03:00,25,967,96,0,0
2018,06,13,04:00,25,967,97,0,0
2018,06,13,05:00,24.5,967,97,0,0
2018,06,13,06:00,25,967,97,0,0.2
2018,06,13,07:00,25.5,967,97,1,0
2018,06,13,08:00,27.9,968,87,9,0
2018,06,13,09:00,30.9,968,73,2,0
2018,06,13,10:00,29.4,968,82,35,0
2018,06,13,11:00,32.3,967,76,79,0.2
2018,06,13,12:00,38.7,968,48,67,0
2018,06,13,13:00,35.8,967,58,65,0
2018,06,13,14:00,33.3,965,64,36,0
2018,06,13,15:00,34.8,966,62,43,0
2018,06,13,16:00,36.3,965,54,36,0
2018,06,13,17:00,30.9,965,66,1,0
2018,06,13,18:00,28.9,965,75,0,0
2018,06,13,19:00,27.9,965,84,0,0
2018,06,13,20:00,26.5,967,89,0,0.2
2018,06,13,21:00,25.5,967,94,0,0.2
2018,06,13,22:00,25,968,96,0,0
2018,06,13,23:00,25.5,967,96,0,0
2018,06,14,00:00,25,968,96,0,0
2018,06,14,01:00,25,967,97,0,0
2018,06,14,02:00,25,967,94,0,0
2018,06,14,03:00,24.5,966,96,0,0
2018,06,14,04:00,25,966,97,0,0
2018,06,14,05:00,25,966,98,0,0
2018,06,14,06:00,25,967,98,0,0
2018,06,14,07:00,25.5,967,96,0,0
2018,06,14,08:00,27,967,89,2,0
2018,06,14,09:00,30.4,967,76,36,0
2018,06,14,10:00,32.8,968,63,43,0
2018,06,14,11:00,32.3,968,65,19,0
2018,06,14,12:00,36.8,967,52,74,0
2018,06,14,13:00,36.3,967,56,42,0
2018,06,14,14:00,36.3,966,60,67,0
2018,06,14,15:00,34.3,966,60,35,0
2018,06,14,16:00,32.8,965,62,13,0
2018,06,14,17:00,30.9,966,70,2,0
2018,06,14,18:00,29.9,966,74,0,0
2018,06,14,19:00,27.4,967,85,0,0
2018,06,14,20:00,26,966,94,0,0.6
2018,06,14,21:00,26,967,96,0,0
2018,06,14,22:00,25.5,968,97,0,0
2018,06,14,23:00,25.5,968,98,0,0
2018,06,15,00:00,25.5,967,98,0,0.2
2018,06,15,01:00,25.5,967,98,0,0
2018,06,15,02:00,25.5,966,99,0,0
2018,06,15,03:00,25,966,99,0,0
2018,06,15,04:00,24.5,966,99,0,0
2018,06,15,05:00,24.5,966,100,0,0
2018,06,15,06:00,25,967,100,0,0
2018,06,15,07:00,26,966,97,1,0
2018,06,15,08:00,28.9,967,83,29,0
2018,06,15,09:00,31.4,967,69,19,0
2018,06,15,10:00,33.3,968,66,43,0
2018,06,15,11:00,38.2,968,49,42,0
2018,06,15,12:00,34.8,967,58,40,0
2018,06,15,13:00,38.7,967,49,59,0
2018,06,15,14:00,30.9,966,75,28,0.4
2018,06,15,15:00,37.7,966,57,57,0
2018,06,15,16:00,38.2,964,54,44,0
2018,06,15,17:00,34.8,964,53,6,0
2018,06,15,18:00,31.9,964,62,1,0
2018,06,15,19:00,29.4,965,67,0,0
2018,06,15,20:00,27.9,966,76,0,0
2018,06,15,21:00,27.4,966,79,0,0
2018,06,15,22:00,26.5,967,84,0,0
2018,06,15,23:00,25.5,966,88,0,0
2018,06,16,00:00,25,967,90,0,0
2018,06,16,01:00,24.5,966,90,0,0
2018,06,16,02:00,25,966,91,0,0
2018,06,16,03:00,25.5,965,90,0,0
2018,06,16,04:00,25,966,93,0,0
2018,06,16,05:00,25,966,92,0,0
2018,06,16,06:00,24.5,966,96,0,0
2018,06,16,07:00,26,966,90,0,0
2018,06,16,08:00,30.4,967,68,42,0
2018,06,16,09:00,33.8,967,58,31,0
2018,06,16,10:00,37.7,968,46,50,0
2018,06,16,11:00,41.2,968,38,59,0
2018,06,16,12:00,38.7,967,43,58,0
2018,06,16,13:00,35.8,967,51,28,0
2018,06,16,14:00,37.2,966,50,47,0
2018,06,16,15:00,37.7,965,48,36,0
2018,06,16,16:00,38.7,964,46,44,0
2018,06,16,17:00,37.2,964,48,16,0
2018,06,16,18:00,33.3,964,58,0,0
2018,06,16,19:00,30.9,964,72,0,0
2018,06,16,20:00,29.4,964,79,0,0
2018,06,16,21:00,27.9,965,88,0,0
2018,06,16,22:00,27.9,965,91,0,0
2018,06,16,23:00,27.9,966,88,0,0
2018,06,17,00:00,27.9,966,84,0,0
2018,06,17,01:00,27.9,965,80,0,0
2018,06,17,02:00,27.4,965,81,0,0
2018,06,17,03:00,27,965,86,0,0
2018,06,17,04:00,26.5,965,88,0,0
2018,06,17,05:00,26,965,90,0,0
2018,06,17,06:00,26,965,92,0,0
2018,06,17,07:00,27,965,90,0,0
2018,06,17,08:00,27.4,966,88,1,0
2018,06,17,09:00,29.9,966,80,7,0
2018,06,17,10:00,31.4,966,72,34,0
2018,06,17,11:00,37.2,966,52,51,0
2018,06,17,12:00,38.2,966,50,65,0
2018,06,17,13:00,38.7,965,50,62,0
2018,06,17,14:00,39.7,965,43,48,0
2018,06,17,15:00,34.3,963,58,11,0
2018,06,17,16:00,36.3,963,53,34,0
2018,06,17,17:00,33.3,963,58,7,0
2018,06,17,18:00,29.9,963,68,0,0
2018,06,17,19:00,27.9,964,79,0,0
2018,06,17,20:00,27,964,83,0,0
2018,06,17,21:00,26.5,964,87,0,0
2018,06,17,22:00,26,965,85,0,0
2018,06,17,23:00,25.5,965,88,0,0
2018,06,18,00:00,25.5,965,88,0,0
2018,06,18,01:00,26,965,89,0,0
2018,06,18,02:00,25.5,964,91,0,0
2018,06,18,03:00,25.5,964,90,0,0
2018,06,18,04:00,25,964,92,0,0
2018,06,18,05:00,25,964,94,0,0
2018,06,18,06:00,25.5,965,94,0,0
2018,06,18,07:00,26,965,91,0,0
2018,06,18,08:00,28.4,966,84,4,0
2018,06,18,09:00,30.4,966,76,21,0
2018,06,18,10:00,33.8,965,60,41,0
2018,06,18,11:00,35.8,966,57,50,0
2018,06,18,12:00,38.7,965,50,78,0
2018,06,18,13:00,43.6,965,38,65,0
2018,06,18,14:00,44.1,964,36,54,0
2018,06,18,15:00,44.1,963,34,56,0
2018,06,18,16:00,36.8,962,53,17,0
2018,06,18,17:00,33.8,963,58,4,0
2018,06,18,18:00,31.9,963,67,1,0
2018,06,18,19:00,29.9,963,75,0,0
2018,06,18,20:00,28.9,964,81,0,0
2018,06,18,21:00,27.9,965,86,0,0
2018,06,18,22:00,27.4,966,90,0,0
2018,06,18,23:00,27.4,966,89,0,0
2018,06,19,00:00,27.4,966,89,0,0
2018,06,19,01:00,26.5,965,89,0,0
2018,06,19,02:00,26.5,964,92,0,0
2018,06,19,03:00,26.5,965,92,0,0
2018,06,19,04:00,26.5,965,92,0,0
2018,06,19,05:00,26.5,965,91,0,0
2018,06,19,06:00,26,965,94,0,0
2018,06,19,07:00,27.4,966,91,2,0
2018,06,19,08:00,31.4,966,71,15,0
2018,06,19,09:00,33.8,967,64,38,0
2018,06,19,10:00,40.2,968,45,53,0
2018,06,19,11:00,40.7,968,44,76,0
2018,06,19,12:00,41.7,967,38,62,0
2018,06,19,13:00,43.1,966,35,50,0
2018,06,19,14:00,43.6,965,35,38,0
2018,06,19,15:00,34.3,965,55,2,0
2018,06,19,16:00,29.4,964,76,3,0
2018,06,19,17:00,30.4,965,74,0,0
2018,06,19,18:00,28.9,965,79,0,0
2018,06,19,19:00,27.9,966,83,0,0
2018,06,19,20:00,27.9,967,85,0,0
2018,06,19,21:00,27.4,968,88,0,0
2018,06,19,22:00,27.4,968,91,0,0
2018,06,19,23:00,27.4,968,92,0,0
2018,06,20,00:00,27,968,94,0,0
2018,06,20,01:00,27.4,967,93,0,0
2018,06,20,02:00,27,967,94,0,0
2018,06,20,03:00,26.5,967,95,0,0
2018,06,20,04:00,26.5,967,96,0,0
2018,06,20,05:00,26,967,96,0,0
2018,06,20,06:00,26,968,97,0,0
2018,06,20,07:00,27.9,969,95,3,0
2018,06,20,08:00,30.9,969,76,19,0
2018,06,20,09:00,34.8,969,58,53,0
2018,06,20,10:00,38.7,970,48,54,0
2018,06,20,11:00,40.7,970,40,40,0
2018,06,20,12:00,43.1,969,33,205,0
2018,06,20,13:00,42.1,969,34,28,0
2018,06,20,14:00,42.1,968,35,57,0
2018,06,20,15:00,42.1,967,35,16,0
2018,06,20,16:00,39.2,967,42,5,0
2018,06,20,17:00,29.4,966,91,22,14
2018,06,20,18:00,29.9,966,85,5,0
2018,06,20,19:00,27.9,967,90,0,0
2018,06,20,20:00,27,968,89,0,0
2018,06,20,21:00,26.5,969,93,0,0
2018,06,20,22:00,26.5,969,93,0,0
2018,06,20,23:00,26,970,95,0,0
2018,06,21,00:00,26,970,95,0,0
2018,06,21,01:00,25.5,969,96,0,0
2018,06,21,02:00,25.5,969,97,0,0
2018,06,21,03:00,25.5,969,97,0,0
2018,06,21,04:00,25.5,969,98,0,0
2018,06,21,05:00,25.5,969,97,0,0
2018,06,21,06:00,26,969,97,0,0
2018,06,21,07:00,27,969,95,2,0
2018,06,21,08:00,30.4,971,76,8,0
2018,06,21,09:00,33.8,971,61,47,0
2018,06,21,10:00,37.2,971,51,62,0
2018,06,21,11:00,38.7,971,46,64,0
2018,06,21,12:00,38.7,970,47,208,0
2018,06,21,13:00,40.7,970,42,69,0
2018,06,21,14:00,42.1,969,37,43,0
2018,06,21,15:00,36.3,968,49,24,0
2018,06,21,16:00,37.7,967,45,45,0
2018,06,21,17:00,35.3,968,48,8,0
2018,06,21,18:00,29.9,968,61,0,0
2018,06,21,19:00,28.9,969,65,0,0
2018,06,21,20:00,28.4,969,66,0,0
2018,06,21,21:00,27.9,970,67,0,0
2018,06,21,22:00,27.4,970,73,0,0
2018,06,21,23:00,27,971,74,0,0
2018,06,22,00:00,26.5,970,83,0,0
2018,06,22,01:00,26,970,87,0,0
2018,06,22,02:00,26,969,90,0,0
2018,06,22,03:00,25.5,969,92,0,0
2018,06,22,04:00,25.5,969,94,0,0
2018,06,22,05:00,25.5,970,94,0,0
2018,06,22,06:00,25.5,970,94,0,0
2018,06,22,07:00,26.5,970,92,2,0
2018,06,22,08:00,30.4,970,74,31,0
2018,06,22,09:00,33.3,971,59,41,0
2018,06,22,10:00,34.3,971,54,46,0
2018,06,22,11:00,36.8,971,48,62,0
2018,06,22,12:00,44.6,971,34,200,0
2018,06,22,13:00,40.2,970,40,59,0
2018,06,22,14:00,40.7,970,39,53,0
2018,06,22,15:00,37.2,968,48,52,0
2018,06,22,16:00,37.7,968,43,24,0
2018,06,22,17:00,34.8,968,48,5,0
2018,06,22,18:00,30.9,968,57,0,0
2018,06,22,19:00,29.9,968,63,0,0
2018,06,22,20:00,28.9,969,69,0,0
2018,06,22,21:00,27.9,970,75,0,0
2018,06,22,22:00,27.4,970,77,0,0
2018,06,22,23:00,27,970,76,0,0
2018,06,23,00:00,26.5,970,82,0,0
2018,06,23,01:00,26.5,969,79,0,0
2018,06,23,02:00,26,969,82,0,0
2018,06,23,03:00,25.5,968,86,0,0
2018,06,23,04:00,25.5,968,87,0,0
2018,06,23,05:00,25.5,969,89,0,0
2018,06,23,06:00,25,968,90,0,0
2018,06,23,07:00,27,969,87,2,0
2018,06,23,08:00,30.4,969,70,21,0
2018,06,23,09:00,35.8,971,52,45,0
2018,06,23,10:00,36.3,970,48,54,0
2018,06,23,11:00,39.7,970,41,63,0
2018,06,23,12:00,37.7,969,46,130,0
2018,06,23,13:00,40.2,969,41,60,0
2018,06,23,14:00,44.1,969,31,56,0
2018,06,23,15:00,42.1,968,33,48,0
2018,06,23,16:00,39.2,967,40,44,0
2018,06,23,17:00,36.8,965,46,30,0
2018,06,23,18:00,32.8,966,54,0,0
2018,06,23,19:00,30.9,967,61,0,0
2018,06,23,20:00,28.9,968,77,0,0
2018,06,23,21:00,28.9,969,73,0,0
2018,06,23,22:00,26.5,969,80,0,0
2018,06,23,23:00,26,970,84,0,0
2018,06,24,00:00,24.5,969,95,0,2
2018,06,24,01:00,25,968,96,0,0.8
2018,06,24,02:00,25,968,96,0,0.2
2018,06,24,03:00,24.5,968,97,0,0
2018,06,24,04:00,25,968,98,0,0
2018,06,24,05:00,24.5,968,97,0,0
2018,06,24,06:00,24.5,968,97,0,0
2018,06,24,07:00,26,968,93,3,0
2018,06,24,08:00,28.4,969,84,12,0
2018,06,24,09:00,31.4,969,73,45,0
2018,06,24,10:00,33.8,969,63,58,0
2018,06,24,11:00,36.8,969,51,49,0
2018,06,24,12:00,38.7,969,50,92,0
2018,06,24,13:00,37.2,968,50,47,0
2018,06,24,14:00,38.2,968,46,46,0
2018,06,24,15:00,40.7,967,41,51,0
2018,06,24,16:00,33.3,966,54,9,0
2018,06,24,17:00,27.9,966,86,9,0
2018,06,24,18:00,27.4,966,91,0,0
2018,06,24,19:00,27,967,93,0,0
2018,06,24,20:00,26.5,968,94,0,0
2018,06,24,21:00,26.5,968,93,0,0
2018,06,24,22:00,26.5,969,93,0,0
2018,06,24,23:00,26,969,89,0,0
2018,06,25,00:00,25.5,969,90,0,0
2018,06,25,01:00,25.5,968,91,0,0
2018,06,25,02:00,25.5,968,93,0,0
2018,06,25,03:00,25,967,91,0,0
2018,06,25,04:00,24.5,967,92,0,0
2018,06,25,05:00,24.5,967,92,0,0
2018,06,25,06:00,25,967,91,0,0
2018,06,25,07:00,26,968,87,1,0
2018,06,25,08:00,28.4,968,82,17,0
2018,06,25,09:00,-999,-999,-999,-999,-999
2018,06,25,10:00,-999,-999,-999,-999,-999
2018,06,25,11:00,-999,-999,-999,-999,-999
2018,06,25,12:00,-999,-999,-999,-999,-999
2018,06,25,13:00,38.2,968,48,60,0
2018,06,25,14:00,30.9,967,70,1,0.6
2018,06,25,15:00,30.9,966,80,24,0.4
2018,06,25,16:00,31.4,967,68,0,1.2
2018,06,25,17:00,26,966,94,0,9
2018,06,25,18:00,25.5,966,96,0,1.4
2018,06,25,19:00,25,968,96,0,0
2018,06,25,20:00,25,968,97,0,0
2018,06,25,21:00,24.5,968,97,0,0
2018,06,25,22:00,24.5,969,98,0,0.2
2018,06,25,23:00,25,968,98,0,0
2018,06,26,00:00,24.5,968,98,0,0
2018,06,26,01:00,25,968,98,0,0
2018,06,26,02:00,25,968,98,0,0
2018,06,26,03:00,25,967,99,0,0
2018,06,26,04:00,25,967,99,0,0
2018,06,26,05:00,25,968,98,0,0
2018,06,26,06:00,24.5,968,97,0,1.6
2018,06,26,07:00,24.5,969,97,0,0.8
2018,06,26,08:00,25.5,969,94,0,0
2018,06,26,09:00,26.5,970,92,4,0.6
2018,06,26,10:00,27,970,89,22,0
2018,06,26,11:00,29.9,970,78,48,0
2018,06,26,12:00,31.9,970,73,63,0.2
2018,06,26,13:00,33.8,970,67,43,0
2018,06,26,14:00,33.3,970,63,13,0
2018,06,26,15:00,33.3,968,65,39,0
2018,06,26,16:00,31.4,967,70,8,0
2018,06,26,17:00,32.3,967,69,17,0
2018,06,26,18:00,31.4,967,71,3,0
2018,06,26,19:00,28.9,968,79,0,0
2018,06,26,20:00,26,969,87,0,0
2018,06,26,21:00,25.5,969,94,0,0.6
2018,06,26,22:00,25,970,91,0,1.8
2018,06,26,23:00,23.5,971,97,0,12.2
2018,06,27,00:00,23.5,970,98,0,0.6
2018,06,27,01:00,23.5,970,99,0,0
2018,06,27,02:00,23.5,969,99,0,0.2
2018,06,27,03:00,23.5,970,99,0,0
2018,06,27,04:00,23.5,970,99,0,0
2018,06,27,05:00,23.5,970,100,0,0
2018,06,27,06:00,24,970,99,0,0
2018,06,27,07:00,24.5,971,99,0,0.4
2018,06,27,08:00,25,971,97,2,2
2018,06,27,09:00,25.5,971,95,7,0.8
2018,06,27,10:00,26.5,971,87,5,0.2
2018,06,27,11:00,33.3,973,72,65,0
2018,06,27,12:00,35.8,971,57,72,0
2018,06,27,13:00,38.2,971,48,58,0
2018,06,27,14:00,37.7,973,46,0,0
2018,06,27,15:00,27.9,969,85,2,0.6
2018,06,27,16:00,29.9,968,84,43,0.6
2018,06,27,17:00,29.4,969,80,8,0
2018,06,27,18:00,28.9,969,78,0,0
2018,06,27,19:00,27.4,970,88,0,0
2018,06,27,20:00,26,970,92,0,0
2018,06,27,21:00,26,971,93,0,0
2018,06,27,22:00,25.5,973,94,0,0
2018,06,27,23:00,25.5,973,94,0,0
2018,06,28,00:00,25.5,973,94,0,0
2018,06,28,01:00,25.5,971,95,0,0
2018,06,28,02:00,25,971,96,0,0
2018,06,28,03:00,25,971,97,0,0
2018,06,28,04:00,25,971,96,0,0
2018,06,28,05:00,25,971,97,0,0
2018,06,28,06:00,25,971,97,0,0
2018,06,28,07:00,26,971,93,1,0
2018,06,28,08:00,28.9,973,79,7,0
2018,06,28,09:00,33.8,973,61,46,0
2018,06,28,10:00,36.8,974,51,55,0
2018,06,28,11:00,40.2,974,43,80,0
2018,06,28,12:00,41.7,973,38,183,0
2018,06,28,13:00,39.7,971,41,55,0
2018,06,28,14:00,39.7,970,41,69,0
2018,06,28,15:00,38.7,969,49,38,0.6
2018,06,28,16:00,36.8,969,48,1,0
2018,06,28,17:00,29.9,968,76,3,1.4
2018,06,28,18:00,25,968,90,0,4.6
2018,06,28,19:00,24,968,96,0,9.6
2018,06,28,20:00,24,969,97,0,0.2
2018,06,28,21:00,24,971,98,0,0.4
2018,06,28,22:00,24,971,98,0,0.8
2018,06,28,23:00,24.5,973,99,0,0
2018,06,29,00:00,24.5,971,99,0,0
2018,06,29,01:00,24.5,971,99,0,0
2018,06,29,02:00,24,970,99,0,0.2
2018,06,29,03:00,24.5,970,99,0,0
2018,06,29,04:00,24,970,99,0,0
2018,06,29,05:00,24,970,100,0,0
2018,06,29,06:00,24,970,100,0,0
2018,06,29,07:00,25.5,970,99,1,0
2018,06,29,08:00,27.4,970,93,9,0
2018,06,29,09:00,33.3,971,68,41,0
2018,06,29,10:00,34.8,971,58,62,0
2018,06,29,11:00,38.2,970,49,69,0
2018,06,29,12:00,40.7,970,41,192,0
2018,06,29,13:00,41.7,969,38,68,0
2018,06,29,14:00,38.7,968,42,11,0
2018,06,29,15:00,34.3,967,58,51,0
2018,06,29,16:00,36.3,967,49,54,0
2018,06,29,17:00,35.3,966,51,27,0
2018,06,29,18:00,33.8,966,55,1,0
2018,06,29,19:00,29.4,967,74,0,0
2018,06,29,20:00,27.4,967,85,0,0
2018,06,29,21:00,27,968,88,0,0
2018,06,29,22:00,26,968,91,0,0
2018,06,29,23:00,25.5,969,92,0,0
2018,06,30,00:00,25.5,968,91,0,0
2018,06,30,01:00,25,968,95,0,0
2018,06,30,02:00,24.5,967,96,0,0
2018,06,30,03:00,24.5,967,95,0,0
2018,06,30,04:00,24,967,94,0,0
2018,06,30,05:00,23.5,968,95,0,0
2018,06,30,06:00,23.5,968,96,0,0
2018,06,30,07:00,25,969,93,1,0
2018,06,30,08:00,28.9,969,78,20,0
2018,06,30,09:00,37.2,970,47,47,0
2018,06,30,10:00,38.2,970,44,48,0
2018,06,30,11:00,39.7,970,39,64,0
2018,06,30,12:00,40.2,969,41,168,0
2018,06,30,13:00,43.1,969,32,69,0
2018,06,30,14:00,43.1,968,32,55,0
2018,06,30,15:00,41.7,967,33,47,0
2018,06,30,16:00,41.7,967,34,40,0
2018,06,30,17:00,40.7,967,34,16,0
2018,06,30,18:00,34.8,966,46,2,0
2018,06,30,19:00,30.9,966,61,0,0
2018,06,30,20:00,28.9,967,72,0,0
2018,06,30,21:00,27.4,967,78,0,0
2018,06,30,22:00,27,969,83,0,0
2018,06,30,23:00,27,969,83,0,0
